sample_id,sequence,species,assembly,risk_score,high_risk,gc_content,length,processing_mode
SAMPLE_001,ATCGATCGATCGTAGCTAGCTAGCTAGCTAGCTAGCTAGCTAGCTAGCTAGCTAGCTAGCTAGCTAGCTAGCTAGCTAGCTAGCTAGC,human,GRCh38,23.5,0,50.0,88,normal
SAMPLE_002,GCGCGCGCGCGCGCGCGCGCGCGCGCGCGCGCGCGCGCGCGCGCGCGCGCGCGCGCGCGCGCGCGCGCGCGCGCGCGCGCGCGCGC,human,GRCh38,45.2,1,100.0,80,normal
SAMPLE_003,ATATATATATATATATATATATATATATATATATATATATATATATATATATATATATATATATATATATATATATATATATATAT,human,GRCh38,12.1,0,0.0,80,normal
SAMPLE_004,ACGTACGTACGTACGTACGTACGTACGTACGTACGTACGTACGTACGTACGTACGTACGTACGTACGTACGTACGTACGTACGTACGT,human,GRCh38,25.0,1,50.0,80,normal
SAMPLE_005,TGCATGCATGCATGCATGCATGCATGCATGCATGCATGCATGCATGCATGCATGCATGCATGCATGCATGCATGCATGCATGCATGCA,human,GRCh38,37.5,1,50.0,80,normal
SAMPLE_006,AAAAAAAAAAAAAAAAAAAAAAAAAAAAAAAAAAAAAAAAAAAAAAAAAAAAAAAAAAAAAAAAAAAAAAAAAAAAAAAAAAAAAAAAAA,human,GRCh38,8.0,0,0.0,85,normal
SAMPLE_007,CCCCCCCCCCCCCCCCCCCCCCCCCCCCCCCCCCCCCCCCCCCCCCCCCCCCCCCCCCCCCCCCCCCCCCCCCCCCCCCCCCCCCCCC,human,GRCh38,52.0,1,100.0,84,normal
SAMPLE_008,AGCTTAGCTTAGCTTAGCTTAGCTTAGCTTAGCTTAGCTTAGCTTAGCTTAGCTTAGCTTAGCTTAGCTTAGCTTAGCTTAGCTTA,human,GRCh38,28.3,1,50.0,80,normal
SAMPLE_009,TCGATCGATCGATCGATCGATCGATCGATCGATCGATCGATCGATCGATCGATCGATCGATCGATCGATCGATCGATCGATCGATCGA,human,GRCh38,31.7,1,50.0,80,normal
SAMPLE_010,GTACGTACGTACGTACGTACGTACGTACGTACGTACGTACGTACGTACGTACGTACGTACGTACGTACGTACGTACGTACGTACGTAC,human,GRCh38,26.8,1,50.0,80,normal
